baranzini,stefano,ch,1885-02-04,M
pellini,ezio,ch,1111-11-11,M
Ember,Timothé,ch,2222-12-12,M
beretta,riccardo,ch,2023-08-08,M
beretta,riccardo,ch,2023-08-08,M
beretta,riccardo,ch,2024-05-17,M
beretta,riccardo,ch,2023-01-14,M
beretta,riccardo,ch,2024-05-10,M
beretta,riccardo,it,2000-12-31,M
Ember,Timothé,ch,1111-11-11,M
Ember,Timothé,ch,1111-11-11,M
Ember,Timothé,ch,1111-11-11,M
Ember,Timothé,ch,2023-03-02,M
Ember,Timothé,ch,2024-05-16,M
Ember,Timothé,ch,2024-05-09,M
,,ch,2024-05-16,M
dsf,yu8,ch,2024-05-09,M
dsf,yu8,ch,2024-05-07,M
pellini,ezio,ch,2024-05-03,M
pellini,ezio,ch,2024-05-21,M
